Band Name,Old Band Name,Data Name / Description,Layer Group,Original Spatial Resolution,Units,Source
Abs_Lat,Abs_Lat,The absolute value of the latitude of the pixel's centroid,Process,(variable),Decimal degrees,(produced from a generator image with the composite); ee.Image.pixelLonLat()
CGIAR_Aridity_Index,Aridity_Index,Global AI (Aridity Index),Process,≈1km,AI Value,http://www.cgiar-csi.org/data/global-aridity-and-pet-database
CGIAR_PET,PET,Global PET (Potential Evapotranspiration),Process,≈1km,PET Value (mm),http://www.cgiar-csi.org/data/global-aridity-and-pet-database
CHELSA_Annual_Mean_Temperature,CHELSA_Annual_Mean_Temperature,Bio1 = Annual Mean Temperature,Climatic,30 arcsec (≈900m at equator),ºC / 10,http://chelsa-climate.org/bioclim/
CHELSA_Annual_Precipitation,CHELSA_Annual_Precipitation,Bio12 = Annual Precipitation,Climatic,30 arcsec (≈900m at equator),mm,http://chelsa-climate.org/bioclim/
CHELSA_Isothermality,CHELSA_Isothermality,Bio3 = Isothermality,Climatic,30 arcsec (≈900m at equator),Unitless,http://chelsa-climate.org/bioclim/
CHELSA_Max_Temperature_of_Warmest_Month,CHELSA_Max_Temperature_of_Warmest_Month,Bio5 = Max Temperature of Warmest Month,Climatic,30 arcsec (≈900m at equator),ºC,http://chelsa-climate.org/bioclim/
CHELSA_Mean_Diurnal_Range,CHELSA_Mean_Diurnal_Range,Bio2 = Mean Diurnal Range,Climatic,30 arcsec (≈900m at equator),ºC,http://chelsa-climate.org/bioclim/
CHELSA_Mean_Temperature_of_Coldest_Quarter,CHELSA_Mean_Temperature_of_Coldest_Quarter,Bio11 = Mean Temperature of Coldest Quarter,Climatic,30 arcsec (≈900m at equator),ºC,http://chelsa-climate.org/bioclim/
CHELSA_Mean_Temperature_of_Driest_Quarter,CHELSA_Mean_Temperature_of_Driest_Quarter,Bio9 = Mean Temperature of Driest Quarter,Climatic,30 arcsec (≈900m at equator),ºC,http://chelsa-climate.org/bioclim/
CHELSA_Mean_Temperature_of_Warmest_Quarter,CHELSA_Mean_Temperature_of_Warmest_Quarter,Bio10 = Mean Temperature of Warmest Quarter,Climatic,30 arcsec (≈900m at equator),ºC,http://chelsa-climate.org/bioclim/
CHELSA_Mean_Temperature_of_Wettest_Quarter,CHELSA_Mean_Temperature_of_Wettest_Quarter,Bio8 = Mean Temperature of Wettest Quarter,Climatic,30 arcsec (≈900m at equator),ºC,http://chelsa-climate.org/bioclim/
CHELSA_Min_Temperature_of_Coldest_Month,CHELSA_Min_Temperature_of_Coldest_Month,Bio6 = Min Temperature of Coldest Month,Climatic,30 arcsec (≈900m at equator),ºC,http://chelsa-climate.org/bioclim/
CHELSA_Precipitation_of_Coldest_Quarter,CHELSA_Precipitation_of_Coldest_Quarter,Bio19 = Precipitation of Coldest Quarter,Climatic,30 arcsec (≈900m at equator),mm,http://chelsa-climate.org/bioclim/
CHELSA_Precipitation_of_Driest_Month,CHELSA_Precipitation_of_Driest_Month,Bio14 = Precipitation of Driest Month,Climatic,30 arcsec (≈900m at equator),mm,http://chelsa-climate.org/bioclim/
CHELSA_Precipitation_of_Driest_Quarter,CHELSA_Precipitation_of_Driest_Quarter,Bio17 = Precipitation of Driest Quarter,Climatic,30 arcsec (≈900m at equator),mm,http://chelsa-climate.org/bioclim/
CHELSA_Precipitation_of_Warmest_Quarter,CHELSA_Precipitation_of_Warmest_Quarter,Bio18 = Precipitation of Warmest Quarter,Climatic,30 arcsec (≈900m at equator),mm,http://chelsa-climate.org/bioclim/
CHELSA_Precipitation_of_Wettest_Month,CHELSA_Precipitation_of_Wettest_Month,Bio13 = Precipitation of Wettest Month,Climatic,30 arcsec (≈900m at equator),mm,http://chelsa-climate.org/bioclim/
CHELSA_Precipitation_of_Wettest_Quarter,CHELSA_Precipitation_of_Wettest_Quarter,Bio16 = Precipitation of Wettest Quarter,Climatic,30 arcsec (≈900m at equator),mm,http://chelsa-climate.org/bioclim/
CHELSA_Precipitation_Seasonality,CHELSA_Precipitation_Seasonality,Bio15 = Precipitation Seasonality,Climatic,30 arcsec (≈900m at equator),mm,http://chelsa-climate.org/bioclim/
CHELSA_Temperature_Annual_Range,CHELSA_Temperature_Annual_Range,Bio7 = Temperature Annual Range,Climatic,30 arcsec (≈900m at equator),ºC,http://chelsa-climate.org/bioclim/
CHELSA_Temperature_Seasonality,CHELSA_Temperature_Seasonality,Bio4 = Temperature Seasonality,Climatic,30 arcsec (≈900m at equator),ºC,http://chelsa-climate.org/bioclim/
ConsensusLandCover_Human_Development_Percentage,Human_Development_Percentage,Percentage of urban/built-up areas summed with cultivated/managed vegetation (summed via composite code),Process,30 arcsec (≈900m at equator),percentage (0-100),https://www.earthenv.org/landcover
ConsensusLandCoverClass_Barren,LandCoverClass_Barren,Percentage of the pixel area covered by barren ground,Process,30 arcsec (≈900m at equator),percentage (0-100),https://www.earthenv.org/landcover
ConsensusLandCoverClass_Cultivated_and_Managed_Vegetation,LandCoverClass_Cultivated_and_Managed_Vegetation,"Percentage of the pixel area covered by cultivated and managed vegetation (i.e., agriculture)",Process,30 arcsec (≈900m at equator),percentage (0-100),https://www.earthenv.org/landcover
ConsensusLandCoverClass_Deciduous_Broadleaf_Trees,LandCoverClass_Deciduous_Broadleaf_Trees,Percentage of the pixel area covered by deciduous broadleaf trees,Process,30 arcsec (≈900m at equator),percentage (0-100),https://www.earthenv.org/landcover
ConsensusLandCoverClass_Evergreen_Broadleaf_Trees,LandCoverClass_Evergreen_Broadleaf_Trees,Percentage of the pixel area covered by evergreen broadleaf trees,Process,30 arcsec (≈900m at equator),percentage (0-100),https://www.earthenv.org/landcover
ConsensusLandCoverClass_Evergreen_Deciduous_Needleleaf_Trees,LandCoverClass_Evergreen_Deciduous_Needleleaf_Trees,Percentage of the pixel area covered by deciduous needleleaf trees,Process,30 arcsec (≈900m at equator),percentage (0-100),https://www.earthenv.org/landcover
ConsensusLandCoverClass_Herbaceous_Vegetation,LandCoverClass_Herbaceous_Vegetation,Percentage of the pixel area covered by herbaceous vegetation,Process,30 arcsec (≈900m at equator),percentage (0-100),https://www.earthenv.org/landcover
ConsensusLandCoverClass_Mixed_Other_Trees,LandCoverClass_Mixed_Other_Trees,Percentage of the pixel area covered by mixed trees of various types,Process,30 arcsec (≈900m at equator),percentage (0-100),https://www.earthenv.org/landcover
ConsensusLandCoverClass_Open_Water,LandCoverClass_Open_Water,Percentage of the pixel area covered by open water,Process,30 arcsec (≈900m at equator),percentage (0-100),https://www.earthenv.org/landcover
ConsensusLandCoverClass_Regularly_Flooded_Vegetation,LandCoverClass_Regularly_Flooded_Vegetation,Percentage of the pixel area covered by regularly flooded vegetation,Process,30 arcsec (≈900m at equator),percentage (0-100),https://www.earthenv.org/landcover
ConsensusLandCoverClass_Shrubs,LandCoverClass_Shrubs,Percentage of the pixel area covered by shrubs,Process,30 arcsec (≈900m at equator),percentage (0-100),https://www.earthenv.org/landcover
ConsensusLandCoverClass_Snow_Ice,LandCoverClass_Snow_Ice,Percentage of the pixel area covered by permanent snow and ice,Process,30 arcsec (≈900m at equator),percentage (0-100),https://www.earthenv.org/landcover
ConsensusLandCoverClass_Urban_Builtup,LandCoverClass_Urban_Builtup,Percentage of the pixel area covered by urban/built-up human areas,Process,30 arcsec (≈900m at equator),percentage (0-100),https://www.earthenv.org/landcover
CrowtherLab_Mycorrhizal_AM_Proportion_downsampled100km,Mycorrhizal_AM_Proportion,Estimated proportion of arbuscular mycorrhizal related woody stems (above 10cm).,Soil / Vegetation,1 degree (≈111km at equator),"proportion of stems / plants associated with this particular mycorrhizal group (i.e., 0-1 value)",https://www.nature.com/articles/s41586-019-1128-0
CrowtherLab_Mycorrhizal_EM_Proportion_downsampled100km,Mycorrhizal_EM_Proportion,Estimated proportion of ecto-mycorrhizal related woody stems (above 10cm).,Soil / Vegetation,1 degree (≈111km at equator),"proportion of stems / plants associated with this particular mycorrhizal group (i.e., 0-1 value)",https://www.nature.com/articles/s41586-019-1128-0
CrowtherLab_Mycorrhizal_NFix_Proportion_downsampled100km,Mycorrhizal_NFix_Proportion,Estimated proportion of nitrogen-fixing mycorrhizal related woody stems (above 10cm).,Soil / Vegetation,1 degree (≈111km at equator),"proportion of stems / plants associated with this particular mycorrhizal group (i.e., 0-1 value)",https://www.nature.com/articles/s41586-019-1128-0
CrowtherLab_Nematodes_Bacterivores_per100gSoil,Nematodes_Bacterivores_per100gSoil,Number of Bacterivore Nematodes estimated per 100g of soil,Soil,30 arcsec (≈900m at equator),# of expected nematodes,https://www.nature.com/articles/s41586-019-1418-6
CrowtherLab_Nematodes_Fungivores_per100gSoil,Nematodes_Fungivores_per100gSoil,Number of Fungivore Nematodes estimated per 100g of soil,Soil,30 arcsec (≈900m at equator),# of expected nematodes,https://www.nature.com/articles/s41586-019-1418-6
CrowtherLab_Nematodes_Herbivores_per100gSoil,Nematodes_Herbivores_per100gSoil,Number of Herbivores Nematodes estimated per 100g of soil,Soil,30 arcsec (≈900m at equator),# of expected nematodes,https://www.nature.com/articles/s41586-019-1418-6
CrowtherLab_Nematodes_Omnivores_per100gSoil,Nematodes_Omnivores_per100gSoil,Number of Omnivore Nematodes estimated per 100g of soil,Soil,30 arcsec (≈900m at equator),# of expected nematodes,https://www.nature.com/articles/s41586-019-1418-6
CrowtherLab_Nematodes_Predators_per100gSoil,Nematodes_Predators_per100gSoil,Number of Predator Nematodes estimated per 100g of soil,Soil,30 arcsec (≈900m at equator),# of expected nematodes,https://www.nature.com/articles/s41586-019-1418-6
CrowtherLab_Nematodes_TotalNumber_per100g,Nematodes_Total_per100gSoil,Number of Total Nematodes estimated per 100g of soil,Soil,30 arcsec (≈900m at equator),# of expected nematodes,https://www.nature.com/articles/s41586-019-1418-6
CrowtherLab_Soil_CNratio_000_to_005_cm,Soil_CNratio_000_to_005_cm,C:N ratio (organic carbon to total nitrogen) for soil layer 0-5 cm,Soil,31 arcsec (≈900m at equator),Ratio (unitless),Created by Nina Van Tiel from WoSIS Point Location values;
CrowtherLab_Soil_CNratio_000_to_200_cm,Soil_CNratio_000_to_200_cm,C:N ratio (organic carbon to total nitrogen) for soil layer 0-200 cm,Soil,37 arcsec (≈900m at equator),Ratio (unitless),Created by Nina Van Tiel from WoSIS Point Location values;
CrowtherLab_Soil_CNratio_005_to_015_cm,Soil_CNratio_005_to_015_cm,C:N ratio (organic carbon to total nitrogen) for soil layer 5-15 cm,Soil,32 arcsec (≈900m at equator),Ratio (unitless),Created by Nina Van Tiel from WoSIS Point Location values;
CrowtherLab_Soil_CNratio_015_to_030_cm,Soil_CNratio_015_to_030_cm,C:N ratio (organic carbon to total nitrogen) for soil layer 15-30 cm,Soil,33 arcsec (≈900m at equator),Ratio (unitless),Created by Nina Van Tiel from WoSIS Point Location values;
CrowtherLab_Soil_CNratio_030_to_060_cm,Soil_CNratio_030_to_060_cm,C:N ratio (organic carbon to total nitrogen) for soil layer 30-60 cm,Soil,34 arcsec (≈900m at equator),Ratio (unitless),Created by Nina Van Tiel from WoSIS Point Location values;
CrowtherLab_Soil_CNratio_060_to_100_cm,Soil_CNratio_060_to_100_cm,C:N ratio (organic carbon to total nitrogen) for soil layer 60-100 cm,Soil,35 arcsec (≈900m at equator),Ratio (unitless),Created by Nina Van Tiel from WoSIS Point Location values;
CrowtherLab_Soil_CNratio_100_to_200_cm,Soil_CNratio_100_to_200_cm,C:N ratio (organic carbon to total nitrogen) for soil layer 100-200 cm,Soil,36 arcsec (≈900m at equator),Ratio (unitless),Created by Nina Van Tiel from WoSIS Point Location values;
CrowtherLab_Soil_N_Content_000_to_200cm,Soil_N_Content_000_to_200cm,Total soil nitrogen content (g) for soil layer 0-200 cm,Soil,30 arcsec (≈900m at equator),g,Created by Nina Van Tiel from WoSIS Point Location values;
CrowtherLab_Soil_N_Density_000_to_005_cm,Soil_N_Density_000_to_005_cm,Total soil nitrogen density (g/kg) for soil layer 0-5 cm,Soil,30 arcsec (≈900m at equator),g/kg,Created by Nina Van Tiel from WoSIS Point Location values;
CrowtherLab_Soil_N_Density_005_to_015_cm,Soil_N_Density_005_to_015_cm,Total soil nitrogen density (g/kg) for soil layer 5-15 cm,Soil,30 arcsec (≈900m at equator),g/kg,Created by Nina Van Tiel from WoSIS Point Location values;
CrowtherLab_Soil_N_Density_015_to_030_cm,Soil_N_Density_015_to_030_cm,Total soil nitrogen density (g/kg) for soil layer 15-30 cm,Soil,30 arcsec (≈900m at equator),g/kg,Created by Nina Van Tiel from WoSIS Point Location values;
CrowtherLab_Soil_N_Density_030_to_060_cm,Soil_N_Density_030_to_060_cm,Total soil nitrogen density (g/kg) for soil layer 30-60 cm,Soil,30 arcsec (≈900m at equator),g/kg,Created by Nina Van Tiel from WoSIS Point Location values;
CrowtherLab_Soil_N_Density_060_to_100_cm,Soil_N_Density_060_to_100_cm,Total soil nitrogen density (g/kg) for soil layer 60-100 cm,Soil,30 arcsec (≈900m at equator),g/kg,Created by Nina Van Tiel from WoSIS Point Location values;
CrowtherLab_Soil_N_Density_100_to_200_cm,Soil_N_Density_100_to_200_cm,Total soil nitrogen density (g/kg) for soil layer 100-200 cm,Soil,30 arcsec (≈900m at equator),g/kg,Created by Nina Van Tiel from WoSIS Point Location values;
CrowtherLab_Tree_Density,Tree_Density,Stem Density,Vegetative,≈1km,no of stems per pixel,http://elischolar.library.yale.edu/yale_fes_data/1/
CSP_Global_Human_Modification,Global_Human_Modification,The global Human Modification dataset (gHM) provides a cumulative measure of human modification of terrestrial lands globally at 1 square-kilometer resolution.,Process,≈1000 meters,"0.0-1.0 index estimating the proportion of a given location (pixel) that is modified, the estimated intensity of modification associated with a given type of human modification or ""stressor"";",https://developers.google.com/earth-engine/datasets/catalog/CSP_HM_GlobalHumanModification
EarthEnvCloudCover_MODCF_interannualSD,EarthEnvCloudCover_MODCF_interannualSD,Mean between-year seasonality represented as the mean of the 2000-2014 monthly standard deviations;,Climatic,30 arcsec (≈900m at equator),standard deviation of % cloudy days,https://www.earthenv.org/cloud
EarthEnvCloudCover_MODCF_intraannualSD,EarthEnvCloudCover_MODCF_intraannualSD,Within-year seasonality represented as the standard deviation of mean 2000-2014 monthly cloud frequencies;,Climatic,30 arcsec (≈900m at equator),standard deviation of % cloudy days,https://www.earthenv.org/cloud
EarthEnvCloudCover_MODCF_meanannual,EarthEnvCloudCover_MODCF_meanannual,Mean annual cloud frequency (%) over 2000-2014;,Climatic,30 arcsec (≈900m at equator),% cloudy days,https://www.earthenv.org/cloud
EarthEnvCloudCover_MODCF_monthlymean_XX,EarthEnvCloudCover_MODCF_monthlymean_XX,"Mean monthly cloud frequency (%) over 2000-2014, where XX is the two digit month (from 01 - January to 12 - December);",Climatic,30 arcsec (≈900m at equator),% cloudy days,https://www.earthenv.org/cloud
EarthEnvCloudCover_MODCF_seasonality_concentration,EarthEnvCloudCover_MODCF_seasonality_concentration,Seasonal cloud concentration index (see methods for full description) ranging from 0 (all months equally cloudy) to 100 (all clouds are observed in a single month);,Climatic,30 arcsec (≈900m at equator),Seasonal cloud concentration index (see methods for full description),https://www.earthenv.org/cloud
EarthEnvCloudCover_MODCF_seasonality_theta,EarthEnvCloudCover_MODCF_seasonality_theta,Timing of peak seasonal cloud concentration (see methods for full description) expressed as an angle (degrees) ranging from 0 (peak cloudiness observed on January 1st) to 360 (peak cloudiness observed on December 31st).,Climatic,30 arcsec (≈900m at equator),,https://www.earthenv.org/cloud
EarthEnvTexture_Contrast_EVI,EarthEnvTexture_Contrast_EVI,Contrast (EVI Heterogeneity); Exponentially weighted difference in EVI between adjacent pixels,Process,≈1km,>=0,http://www.earthenv.org/texture
EarthEnvTexture_CoOfVar_EVI,EarthEnvTexture_CoOfVar_EVI,Coefficient of variation (EVI Heterogeneity); Normalized dispersion of EVI,Process,≈1km,>=0,http://www.earthenv.org/texture
EarthEnvTexture_Correlation_EVI,EarthEnvTexture_Correlation_EVI,Correlation (EVI Heterogeneity); Linear dependency of EVI on adjacent pixels,Process,≈1km,>=-1; <=1,http://www.earthenv.org/texture
EarthEnvTexture_Dissimilarity_EVI,EarthEnvTexture_Dissimilarity_EVI,Dissimilarity (EVI Heterogeneity); Difference in EVI between adjacent pixels,Process,≈1km,>=0,http://www.earthenv.org/texture
EarthEnvTexture_Entropy_EVI,EarthEnvTexture_Entropy_EVI,Entropy (EVI Heterogeneity); Disorderliness of EVI,Process,≈1km,>=0,http://www.earthenv.org/texture
EarthEnvTexture_Evenness_EVI,EarthEnvTexture_Evenness_EVI,Evenness (EVI Heterogeneity); Evenness of EVI,Process,≈1km,>=0; <=1,http://www.earthenv.org/texture
EarthEnvTexture_Homogeneity_EVI,EarthEnvTexture_Homogeneity_EVI,Homogeneity (EVI Heterogeneity); Similarity of EVI between adjacent pixels,Process,≈1km,>=0; <=1,http://www.earthenv.org/texture
EarthEnvTexture_Maximum_EVI,EarthEnvTexture_Maximum_EVI,Maximum (EVI Heterogeneity); Dominance of EVI combinations between adjacent pixels,Process,≈1km,>=0; <=1,http://www.earthenv.org/texture
EarthEnvTexture_Range_EVI,EarthEnvTexture_Range_EVI,Range (EVI Heterogeneity); Range of EVI,Process,≈1km,>=0,http://www.earthenv.org/texture
EarthEnvTexture_Shannon_Index,EarthEnvTexture_Shannon_Index,Shannon (EVI Heterogeneity); Diversity of EVI,Process,≈1km,>=0; <=ln(max # of different EVI),http://www.earthenv.org/texture
EarthEnvTexture_Simpson_Index,EarthEnvTexture_Simpson_Index,Simpson (EVI Heterogeneity); Diversity of EVI,Process,≈1km,>=0; <=1-1/(max # of different EVI),http://www.earthenv.org/texture
EarthEnvTexture_Std_EVI,EarthEnvTexture_Std_EVI,Standard deviation (EVI Heterogeneity); Dispersion of EVI,Process,≈1km,>=0,http://www.earthenv.org/texture
EarthEnvTexture_Uniformity_EVI,EarthEnvTexture_Uniformity_EVI,Uniformity (EVI Heterogeneity); Orderliness of EVI,Process,≈1km,>=0; <=1,http://www.earthenv.org/texture
EarthEnvTexture_Variance_EVI,EarthEnvTexture_Variance_EVI,Variance (EVI Heterogeneity); Dispersion of EVI combinations between adjacent pixels,Process,≈1km,>=0,http://www.earthenv.org/texture
EarthEnvTopoMed_1stOrderPartialDerivEW,EarthEnvTopoMed_1stOrderPartialDerivEW,1st Order Partial Derivative of the Elevation (with reference to the East-West / X direction),Topography,30 arcsec (≈900m at equator),(see reference for more information on units),https://www.earthenv.org/topography
EarthEnvTopoMed_1stOrderPartialDerivNS,EarthEnvTopoMed_1stOrderPartialDerivNS,1st Order Partial Derivative of the Elevation (with reference to the North-South / Y direction),Topography,30 arcsec (≈900m at equator),(see reference for more information on units),https://www.earthenv.org/topography
EarthEnvTopoMed_2ndOrderPartialDerivEW,EarthEnvTopoMed_2ndOrderPartialDerivEW,2nd Order Partial Derivative of the Elevation (with reference to the East-West / X direction),Topography,30 arcsec (≈900m at equator),(see reference for more information on units),https://www.earthenv.org/topography
EarthEnvTopoMed_2ndOrderPartialDerivNS,EarthEnvTopoMed_2ndOrderPartialDerivNS,2nd Order Partial Derivative of the Elevation (with reference to the North-South / Y direction),Topography,30 arcsec (≈900m at equator),(see reference for more information on units),https://www.earthenv.org/topography
EarthEnvTopoMed_AspectCosine,EarthEnvTopoMed_AspectCosine,Aspect Cosine,Topography,30 arcsec (≈900m at equator),(see reference for more information on units),https://www.earthenv.org/topography
EarthEnvTopoMed_AspectSine,EarthEnvTopoMed_AspectSine,Aspect Sine,Topography,30 arcsec (≈900m at equator),(see reference for more information on units),https://www.earthenv.org/topography
EarthEnvTopoMed_Eastness,EarthEnvTopoMed_Eastness,Eastness,Topography,30 arcsec (≈900m at equator),eastness index (-1 to 1),https://www.earthenv.org/topography
EarthEnvTopoMed_Elevation,EarthEnvTopoMed_Elevation,Elevation (in meters),Topography,30 arcsec (≈900m at equator),meters,https://www.earthenv.org/topography
EarthEnvTopoMed_Northness,EarthEnvTopoMed_Northness,Northness,Topography,30 arcsec (≈900m at equator),northness index (-1 to 1),https://www.earthenv.org/topography
EarthEnvTopoMed_ProfileCurvature,EarthEnvTopoMed_ProfileCurvature,Profile Curvature (a more specific measure of topographic slope),Topography,30 arcsec (≈900m at equator),(see reference for more information on units),https://www.earthenv.org/topography
EarthEnvTopoMed_Roughness,EarthEnvTopoMed_Roughness,Roughness,Topography,30 arcsec (≈900m at equator),(see reference for more information on units),https://www.earthenv.org/topography
EarthEnvTopoMed_Slope,EarthEnvTopoMed_Slope,Slope,Topography,30 arcsec (≈900m at equator),(see reference for more information on units),https://www.earthenv.org/topography
EarthEnvTopoMed_TangentialCurvature,EarthEnvTopoMed_TangentialCurvature,Tangential Curvature,Topography,30 arcsec (≈900m at equator),(see reference for more information on units),https://www.earthenv.org/topography
EarthEnvTopoMed_TerrainRuggednessIndex,EarthEnvTopoMed_TerrainRuggednessIndex,Terrain Ruggedness Index,Topography,30 arcsec (≈900m at equator),(see reference for more information on units),https://www.earthenv.org/topography
EarthEnvTopoMed_TopoPositionIndex,EarthEnvTopoMed_TopoPositionIndex,Topographic Position Index,Topography,30 arcsec (≈900m at equator),(see reference for more information on units),https://www.earthenv.org/topography
EarthEnvTopoMed_VectorRuggednessMeasure,EarthEnvTopoMed_VectorRuggednessMeasure,Vector Ruggedness Measure,Topography,30 arcsec (≈900m at equator),(see reference for more information on units),https://www.earthenv.org/topography
FanEtAl_Depth_to_Water_Table_AnnualMean,Depth_to_Water_Table,Mean annual depth of the water table on the terrestrial land surface (in m below land surface),Geological,30 arcsec (≈900m at equator),m below land surface,http://thredds-gfnl.usc.es/thredds/catalog/GLOBALWTDFTP/catalog.html
FanEtAl_Depth_to_Water_Table_MonthXX,,Mean monthly depth of the water table on the terrestrial land surface (in m below land surface),Geological,30 arcsec (≈900m at equator),m below land surface,http://thredds-gfnl.usc.es/thredds/catalog/GLOBALWTDFTP/catalog.html
GlobBiomass_AboveGroundBiomass,GlobBiomass_AboveGroundBiomass,"above ground biomass (AGB, unit: tons/ha i.e., Mg/ha) for the year 2010",Vegetative,≈100m,tons/ha,http://globbiomass.org/wp-content/uploads/GB_Maps/Globbiomass_global_dataset.html
GlobBiomass_GrowingStockVolume,GlobBiomass_GrowingStockVolume,"growing stock volume (GSV, unit: m3/ha) for the year 2010",Vegetative,≈100m,m3/ha,http://globbiomass.org/wp-content/uploads/GB_Maps/Globbiomass_global_dataset.html
GPWv4_Population_Density,Population_Density,"Gridded Population of the World, Version 4 (GPWv4): UN-Adjusted Population Density",Anthropogenic,≈1km,persons/km^2,https://explorer.earthengine.google.com/#detail/CIESIN%2FGPWv4%2Funwpp-adjusted-population-density
HansenEtAl_TreeCover_Year2000,Hansen_TreeCover_Year2000,"Tree canopy cover for year 2000, defined as canopy closure for all vegetation taller than 5m in height.",Vegetative,1 arcsec (≈30m at equator),Canopy closure (0-100%),https://developers.google.com/earth-engine/datasets/catalog/UMD_hansen_global_forest_change_2018_v1_6
IPCC_Global_Biomass,Global_Biomass_IPCC,Global Biomass (IPCC Tier 1 Calculated Values) for 2000,Vegetative,≈1km,0.01 tonnes of biomass carbon per hectare,http://cdiac.ess-dive.lbl.gov/epubs/ndp/global_carbon/carbon_documentation.html
MODIS_EVI,EVI,MYD13Q1.006 Vegetation Indices 16-Day Global 250m: NDVI and EVI,Vegetative,≈250m,EVI Value,https://explorer.earthengine.google.com/#detail/MODIS%2F006%2FMYD13Q1
MODIS_FPAR,Fpar,Fraction of incident photosynthetically active radiation (400-700nm) absorbed by the green elements of a vegetation canopy (Fpar),Vegetative,≈500m,Fpar fraction,https://explorer.earthengine.google.com/#detail/MODIS%2F006%2FMCD15A3H
MODIS_GPP,Gpp,MOD17A3.055: Terra Net Primary Production Yearly Global 1km (including Gross PP),Process,≈1km,GPP & NPP Values,https://explorer.earthengine.google.com/#detail/MODIS%2F055%2FMOD17A3
MODIS_LAI,Lai,Leaf Area Index (LAI) = MCD15A3H.006 Terra+Aqua Leaf Area Index,Vegetative,≈500m,LAI value,https://explorer.earthengine.google.com/#detail/MODIS%2F006%2FMCD15A3H
MODIS_Nadir_Reflectance_BandX (where X is 1-7),Nadir_Reflectance_BandX (where X is 1-7),MCD43A4.006 BRDF-Adjusted Reflectance 16-Day Global 500m,Vegetative,≈500m,"7 bands of reflectance (abbreviated ""Nadir_Reflectance_Bandx"")",https://developers.google.com/earth-engine/datasets/catalog/MODIS_006_MCD43A4
MODIS_NDVI,NDVI,MYD13Q1.006 Vegetation Indices 16-Day Global 250m: NDVI and EVI,Vegetative,≈250m,NDVI Value,https://explorer.earthengine.google.com/#detail/MODIS%2F006%2FMYD13Q1
MODIS_NPP,Npp,MOD17A3.055: Terra Net Primary Production Yearly Global 1km (including Gross PP),Process,≈1km,GPP & NPP Values,https://explorer.earthengine.google.com/#detail/MODIS%2F055%2FMOD17A3
Pixel_Area,Pixel_Area,The area of the pixel,Process,(variable),"hectares (!! Before 2019-06-03, square meters)",(produced from a generator image with the composite); ee.Image.pixelArea()
Pixel_Lat,Pixel_Lat,The latitude value of the pixel's centroid,Process,(variable),Decimal degrees,(produced from a generator image with the composite); ee.Image.pixelLonLat()
Pixel_Long,Pixel_Long,The longitude value of the pixel's centroid,Process,(variable),Decimal degrees,(produced from a generator image with the composite); ee.Image.pixelLonLat()
SG_Absolute_depth_to_bedrock,SG_Absolute_depth_to_bedrock,BDTICM_M_250m_ll_b1 = Abslolute Depth to Bedrock,Soil,≈250m,cm,https://www.soilgrids.org ; https://www.isric.org/explore/wosis/accessing-wosis-derived-datasets
SG_Bulk_density_000cm,SG_Bulk_density_000cm,BLDFIE_M_sl1_250m_ll = Bulk density (fine earth) 0.00m,Soil,≈250m,kg / cubic–meter,https://www.soilgrids.org ; https://www.isric.org/explore/wosis/accessing-wosis-derived-datasets
SG_Bulk_density_005cm,SG_Bulk_density_005cm,BLDFIE_M_sl2_250m_ll = Bulk density (fine earth) at 0.05m,Soil,≈250m,kg / cubic–meter,https://www.soilgrids.org ; https://www.isric.org/explore/wosis/accessing-wosis-derived-datasets
SG_Bulk_density_015cm,SG_Bulk_density_015cm,BLDFIE_M_sl3_250m_ll = Bulk density (fine earth) at 0.15m,Soil,≈250m,kg / cubic–meter,https://www.soilgrids.org ; https://www.isric.org/explore/wosis/accessing-wosis-derived-datasets
SG_Bulk_density_030cm,SG_Bulk_density_030cm,BLDFIE_M_sl3_250m_ll = Bulk density (fine earth) at 0.30m,Soil,≈250m,kg / cubic–meter,https://www.soilgrids.org ; https://www.isric.org/explore/wosis/accessing-wosis-derived-datasets
SG_Bulk_density_060cm,SG_Bulk_density_060cm,BLDFIE_M_sl3_250m_ll = Bulk density (fine earth) at 0.60m,Soil,≈250m,kg / cubic–meter,https://www.soilgrids.org ; https://www.isric.org/explore/wosis/accessing-wosis-derived-datasets
SG_Bulk_density_100cm,SG_Bulk_density_100cm,BLDFIE_M_sl3_250m_ll = Bulk density (fine earth) at 1.00m,Soil,≈250m,kg / cubic–meter,https://www.soilgrids.org ; https://www.isric.org/explore/wosis/accessing-wosis-derived-datasets
SG_Bulk_density_200cm,SG_Bulk_density_200cm,BLDFIE_M_sl3_250m_ll = Bulk density (fine earth) at 2.00m,Soil,≈250m,kg / cubic–meter,https://www.soilgrids.org ; https://www.isric.org/explore/wosis/accessing-wosis-derived-datasets
SG_CEC_000cm,SG_CEC_000cm,CECSOL_M_sl1_250m_ll = Cation exchange capacity of soil at 0.00m,Soil,≈250m,cmolc/kg,https://www.soilgrids.org ; https://www.isric.org/explore/wosis/accessing-wosis-derived-datasets
SG_CEC_005cm,SG_CEC_005cm,CECSOL_M_sl2_250m_ll = Cation exchange capacity of soil at 0.05m,Soil,≈250m,cmolc/kg,https://www.soilgrids.org ; https://www.isric.org/explore/wosis/accessing-wosis-derived-datasets
SG_CEC_015cm,SG_CEC_015cm,CECSOL_M_sl3_250m_ll = Cation exchange capacity of soil at 0.15m,Soil,≈250m,cmolc/kg,https://www.soilgrids.org ; https://www.isric.org/explore/wosis/accessing-wosis-derived-datasets
SG_CEC_030cm,SG_CEC_030cm,CECSOL_M_sl3_250m_ll = Cation exchange capacity of soil at 0.30m,Soil,≈250m,cmolc/kg,https://www.soilgrids.org ; https://www.isric.org/explore/wosis/accessing-wosis-derived-datasets
SG_CEC_060cm,SG_CEC_060cm,CECSOL_M_sl3_250m_ll = Cation exchange capacity of soil at 0.60m,Soil,≈250m,cmolc/kg,https://www.soilgrids.org ; https://www.isric.org/explore/wosis/accessing-wosis-derived-datasets
SG_CEC_100cm,SG_CEC_100cm,CECSOL_M_sl3_250m_ll = Cation exchange capacity of soil at 1.00m,Soil,≈250m,cmolc/kg,https://www.soilgrids.org ; https://www.isric.org/explore/wosis/accessing-wosis-derived-datasets
SG_CEC_200cm,SG_CEC_200cm,CECSOL_M_sl7_250m = Cation exchange capacity of soil at 2.00m,Soil,≈250m,cmolc/kg,https://www.soilgrids.org ; https://www.isric.org/explore/wosis/accessing-wosis-derived-datasets
SG_Clay_Content_000cm,SG_Clay_Content_000cm,CLYPPT_M_sl1_250m_ll = Clay content (0–2 micro meter) at 0.00m,Soil,≈250m,mass fraction in %,https://www.soilgrids.org ; https://www.isric.org/explore/wosis/accessing-wosis-derived-datasets
SG_Clay_Content_005cm,SG_Clay_Content_005cm,CLYPPT_M_sl2_250m_ll= Clay content (0–2 micro meter) at 0.05m,Soil,≈250m,mass fraction in %,https://www.soilgrids.org ; https://www.isric.org/explore/wosis/accessing-wosis-derived-datasets
SG_Clay_Content_015cm,SG_Clay_Content_015cm,CLYPPT_M_sl3_250m_ll= Clay content (0–2 micro meter) at 0.15m,Soil,≈250m,mass fraction in %,https://www.soilgrids.org ; https://www.isric.org/explore/wosis/accessing-wosis-derived-datasets
SG_Clay_Content_030cm,SG_Clay_Content_030cm,CLYPPT_M_sl3_250m_ll= Clay content (0–2 micro meter) at 0.30m,Soil,≈250m,mass fraction in %,https://www.soilgrids.org ; https://www.isric.org/explore/wosis/accessing-wosis-derived-datasets
SG_Clay_Content_060cm,SG_Clay_Content_060cm,CLYPPT_M_sl3_250m_ll= Clay content (0–2 micro meter) at 0.60m,Soil,≈250m,mass fraction in %,https://www.soilgrids.org ; https://www.isric.org/explore/wosis/accessing-wosis-derived-datasets
SG_Clay_Content_100cm,SG_Clay_Content_100cm,CLYPPT_M_sl3_250m_ll= Clay content (0–2 micro meter) at 1.00m,Soil,≈250m,mass fraction in %,https://www.soilgrids.org ; https://www.isric.org/explore/wosis/accessing-wosis-derived-datasets
SG_Clay_Content_200cm,SG_Clay_Content_200cm,CLYPPT_M_sl3_250m_ll= Clay content (0–2 micro meter) at 2.00m,Soil,≈250m,mass fraction in %,https://www.soilgrids.org ; https://www.isric.org/explore/wosis/accessing-wosis-derived-datasets
SG_Coarse_fragments_000cm,SG_Coarse_fragments_000cm,CRFVOL_M_sl1_250m_ll = Coarse fragments volumetric at 0.00m,Soil,≈250m,%,https://www.soilgrids.org ; https://www.isric.org/explore/wosis/accessing-wosis-derived-datasets
SG_Coarse_fragments_005cm,SG_Coarse_fragments_005cm,CRFVOL_M_sl2_250m_ll = Coarse fragments volumetric at 0.05m,Soil,≈250m,%,https://www.soilgrids.org ; https://www.isric.org/explore/wosis/accessing-wosis-derived-datasets
SG_Coarse_fragments_015cm,SG_Coarse_fragments_015cm,CRFVOL_M_sl3_250m_ll = Coarse fragments volumetric at 0.15m,Soil,≈250m,%,https://www.soilgrids.org ; https://www.isric.org/explore/wosis/accessing-wosis-derived-datasets
SG_Coarse_fragments_030cm,SG_Coarse_fragments_030cm,CRFVOL_M_sl3_250m_ll = Coarse fragments volumetric at 0.30m,Soil,≈250m,%,https://www.soilgrids.org ; https://www.isric.org/explore/wosis/accessing-wosis-derived-datasets
SG_Coarse_fragments_060cm,SG_Coarse_fragments_060cm,CRFVOL_M_sl3_250m_ll = Coarse fragments volumetric at 0.60m,Soil,≈250m,%,https://www.soilgrids.org ; https://www.isric.org/explore/wosis/accessing-wosis-derived-datasets
SG_Coarse_fragments_100cm,SG_Coarse_fragments_100cm,CRFVOL_M_sl3_250m_ll = Coarse fragments volumetric at 1.00m,Soil,≈250m,%,https://www.soilgrids.org ; https://www.isric.org/explore/wosis/accessing-wosis-derived-datasets
SG_Coarse_fragments_200cm,SG_Coarse_fragments_200cm,CRFVOL_M_sl3_250m_ll = Coarse fragments volumetric at 2.00m,Soil,≈250m,%,https://www.soilgrids.org ; https://www.isric.org/explore/wosis/accessing-wosis-derived-datasets
SG_Depth_to_bedrock,SG_Depth_to_bedrock,BDRICM_M_250m_ll_b1 = Depth to Bedrock (up to 200cm),Soil,≈250m,cm (up to 200),https://www.soilgrids.org ; https://www.isric.org/explore/wosis/accessing-wosis-derived-datasets
SG_H2O_Capacity_000cm,SG_H2O_Capacity_000cm,WWP_M_sl1_250m_ll = Derived available soil water capacity (volumetric fraction) until wilting point for depth 0 cm,Soil,≈250m,%,https://www.soilgrids.org ; https://www.isric.org/explore/wosis/accessing-wosis-derived-datasets
SG_H2O_Capacity_005cm,SG_H2O_Capacity_005cm,WWP_M_sl2_250m_ll = Derived available soil water capacity (volumetric fraction) until wilting point for depth 5 cm,Soil,≈250m,%,https://www.soilgrids.org ; https://www.isric.org/explore/wosis/accessing-wosis-derived-datasets
SG_H2O_Capacity_015cm,SG_H2O_Capacity_015cm,WWP_M_sl3_250m_ll = Derived available soil water capacity (volumetric fraction) until wilting point for depth 15 cm,Soil,≈250m,%,https://www.soilgrids.org ; https://www.isric.org/explore/wosis/accessing-wosis-derived-datasets
SG_H2O_Capacity_030cm,SG_H2O_Capacity_030cm,WWP_M_sl4_250m_ll = Derived available soil water capacity (volumetric fraction) until wilting point for depth 30 cm,Soil,≈250m,%,https://www.soilgrids.org ; https://www.isric.org/explore/wosis/accessing-wosis-derived-datasets
SG_H2O_Capacity_060cm,SG_H2O_Capacity_060cm,WWP_M_sl5_250m_ll = Derived available soil water capacity (volumetric fraction) until wilting point for depth 60 cm,Soil,≈250m,%,https://www.soilgrids.org ; https://www.isric.org/explore/wosis/accessing-wosis-derived-datasets
SG_H2O_Capacity_100cm,SG_H2O_Capacity_100cm,WWP_M_sl6_250m_ll = Derived available soil water capacity (volumetric fraction) until wilting point for depth 100 cm,Soil,≈250m,%,https://www.soilgrids.org ; https://www.isric.org/explore/wosis/accessing-wosis-derived-datasets
SG_H2O_Capacity_200cm,SG_H2O_Capacity_200cm,WWP_M_sl7_250m_ll = Derived available soil water capacity (volumetric fraction) until wilting point for depth 200 cm,Soil,≈250m,%,https://www.soilgrids.org ; https://www.isric.org/explore/wosis/accessing-wosis-derived-datasets
SG_Probability_of_occurrence_of_R_horizon,SG_Probability_of_occurrence_of_R_horizon,BDRLOG_M_250m_ll = Predicted Probability of Occurence (0-100%) in the R Horizon,Soil,≈250m,(0-100)%,https://www.soilgrids.org ; https://www.isric.org/explore/wosis/accessing-wosis-derived-datasets
SG_Sand_Content_000cm,SG_Sand_Content_000cm,SNDPPT_M_sl1_250m_ll = Sand content (50–2000 micro meter) at 0.00m,Soil,≈250m,mass fraction in %,https://www.soilgrids.org ; https://www.isric.org/explore/wosis/accessing-wosis-derived-datasets
SG_Sand_Content_005cm,SG_Sand_Content_005cm,SNDPPT_M_sl2_250m_ll = Sand content (50–2000 micro meter) at 0.05m,Soil,≈250m,mass fraction in %,https://www.soilgrids.org ; https://www.isric.org/explore/wosis/accessing-wosis-derived-datasets
SG_Sand_Content_015cm,SG_Sand_Content_015cm,SNDPPT_M_sl3_250m_ll = Sand content (50–2000 micro meter) at 0.15m,Soil,≈250m,mass fraction in %,https://www.soilgrids.org ; https://www.isric.org/explore/wosis/accessing-wosis-derived-datasets
SG_Sand_Content_030cm,SG_Sand_Content_030cm,SNDPPT_M_sl4_250m_ll = Sand content (50–2000 micro meter) at 0.30m,Soil,≈250m,mass fraction in %,https://www.soilgrids.org ; https://www.isric.org/explore/wosis/accessing-wosis-derived-datasets
SG_Sand_Content_060cm,SG_Sand_Content_060cm,SNDPPT_M_sl5_250m_ll = Sand content (50–2000 micro meter) at 0.60m,Soil,≈250m,mass fraction in %,https://www.soilgrids.org ; https://www.isric.org/explore/wosis/accessing-wosis-derived-datasets
SG_Sand_Content_100cm,SG_Sand_Content_100cm,SNDPPT_M_sl6_250m_ll = Sand content (50–2000 micro meter) at 1.00m,Soil,≈250m,mass fraction in %,https://www.soilgrids.org ; https://www.isric.org/explore/wosis/accessing-wosis-derived-datasets
SG_Sand_Content_200cm,SG_Sand_Content_200cm,SNDPPT_M_sl7_250m_ll = Sand content (50–2000 micro meter) at 2.00m,Soil,≈250m,mass fraction in %,https://www.soilgrids.org ; https://www.isric.org/explore/wosis/accessing-wosis-derived-datasets
SG_Saturated_H2O_Content_000cm,SG_Saturated_H2O_Content_000cm,AWCtS_M_sl1_250m_ll = Derived saturated water content (volumetric fraction) teta-S for depth 0 cm,Soil,≈250m,%,https://www.soilgrids.org ; https://www.isric.org/explore/wosis/accessing-wosis-derived-datasets
SG_Saturated_H2O_Content_005cm,SG_Saturated_H2O_Content_005cm,AWCtS_M_sl2_250m_ll = Derived saturated water content (volumetric fraction) teta-S for depth 5 cm,Soil,≈250m,%,https://www.soilgrids.org ; https://www.isric.org/explore/wosis/accessing-wosis-derived-datasets
SG_Saturated_H2O_Content_015cm,SG_Saturated_H2O_Content_015cm,AWCtS_M_sl3_250m_ll = Derived saturated water content (volumetric fraction) teta-S for depth 15 cm,Soil,≈250m,%,https://www.soilgrids.org ; https://www.isric.org/explore/wosis/accessing-wosis-derived-datasets
SG_Saturated_H2O_Content_030cm,SG_Saturated_H2O_Content_030cm,AWCtS_M_sl4_250m_ll = Derived saturated water content (volumetric fraction) teta-S for depth 30 cm,Soil,≈250m,%,https://www.soilgrids.org ; https://www.isric.org/explore/wosis/accessing-wosis-derived-datasets
SG_Saturated_H2O_Content_060cm,SG_Saturated_H2O_Content_060cm,AWCtS_M_sl5_250m_ll = Derived saturated water content (volumetric fraction) teta-S for depth 60 cm,Soil,≈250m,%,https://www.soilgrids.org ; https://www.isric.org/explore/wosis/accessing-wosis-derived-datasets
SG_Saturated_H2O_Content_100cm,SG_Saturated_H2O_Content_100cm,AWCtS_M_sl6_250m_ll = Derived saturated water content (volumetric fraction) teta-S for depth 100 cm,Soil,≈250m,%,https://www.soilgrids.org ; https://www.isric.org/explore/wosis/accessing-wosis-derived-datasets
SG_Saturated_H2O_Content_200cm,SG_Saturated_H2O_Content_200cm,AWCtS_M_sl7_250m_ll = Derived saturated water content (volumetric fraction) teta-S for depth 200 cm,Soil,≈250m,%,https://www.soilgrids.org ; https://www.isric.org/explore/wosis/accessing-wosis-derived-datasets
SG_Silt_Content_000cm,SG_Silt_Content_000cm,SLTPPT_M_sl1_250m_ll = Silt content (2–50 micro meter) at 0.00m,Soil,≈250m,mass fraction in %,https://www.soilgrids.org ; https://www.isric.org/explore/wosis/accessing-wosis-derived-datasets
SG_Silt_Content_005cm,SG_Silt_Content_005cm,SLTPPT_M_sl2_250m_ll = Silt content (2–50 micro meter) at 0.05m,Soil,≈250m,mass fraction in %,https://www.soilgrids.org ; https://www.isric.org/explore/wosis/accessing-wosis-derived-datasets
SG_Silt_Content_015cm,SG_Silt_Content_015cm,SLTPPT_M_sl3_250m_ll = Silt content (2–50 micro meter) at 0.15m,Soil,≈250m,mass fraction in %,https://www.soilgrids.org ; https://www.isric.org/explore/wosis/accessing-wosis-derived-datasets
SG_Silt_Content_030cm,SG_Silt_Content_030cm,SLTPPT_M_sl4_250m_ll = Silt content (2–50 micro meter) at 0.30m,Soil,≈250m,mass fraction in %,https://www.soilgrids.org ; https://www.isric.org/explore/wosis/accessing-wosis-derived-datasets
SG_Silt_Content_060cm,SG_Silt_Content_060cm,SLTPPT_M_sl5_250m_ll = Silt content (2–50 micro meter) at 0.60m,Soil,≈250m,mass fraction in %,https://www.soilgrids.org ; https://www.isric.org/explore/wosis/accessing-wosis-derived-datasets
SG_Silt_Content_100cm,SG_Silt_Content_100cm,SLTPPT_M_sl6_250m_ll = Silt content (2–50 micro meter) at 1.00m,Soil,≈250m,mass fraction in %,https://www.soilgrids.org ; https://www.isric.org/explore/wosis/accessing-wosis-derived-datasets
SG_Silt_Content_200cm,SG_Silt_Content_200cm,SLTPPT_M_sl7_250m_ll = Silt content (2–50 micro meter) at 2.00m,Soil,≈250m,mass fraction in %,https://www.soilgrids.org ; https://www.isric.org/explore/wosis/accessing-wosis-derived-datasets
SG_SOC_Content_000cm,SG_SOC_Content_000cm,ORCDRC_M_sl1_250m_ll = Soil organic carbon content (fine earth fraction) at 0.00m,Soil,≈250m,g per kg,https://www.soilgrids.org ; https://www.isric.org/explore/wosis/accessing-wosis-derived-datasets
SG_SOC_Content_005cm,SG_SOC_Content_005cm,ORCDRC_M_sl2_250m_ll = Soil organic carbon content (fine earth fraction) at 0.05m,Soil,≈250m,g per kg,https://www.soilgrids.org ; https://www.isric.org/explore/wosis/accessing-wosis-derived-datasets
SG_SOC_Content_015cm,SG_SOC_Content_015cm,ORCDRC_M_sl3_250m_ll = Soil organic carbon content (fine earth fraction) at 0.15m,Soil,≈250m,g per kg,https://www.soilgrids.org ; https://www.isric.org/explore/wosis/accessing-wosis-derived-datasets
SG_SOC_Content_030cm,SG_SOC_Content_030cm,ORCDRC_M_sl4_250m_ll = Soil organic carbon content (fine earth fraction) at 0.30m,Soil,≈250m,g per kg,https://www.soilgrids.org ; https://www.isric.org/explore/wosis/accessing-wosis-derived-datasets
SG_SOC_Content_060cm,SG_SOC_Content_060cm,ORCDRC_M_sl5_250m_ll = Soil organic carbon content (fine earth fraction) at 0.60m,Soil,≈250m,g per kg,https://www.soilgrids.org ; https://www.isric.org/explore/wosis/accessing-wosis-derived-datasets
SG_SOC_Content_100cm,SG_SOC_Content_100cm,ORCDRC_M_sl6_250m_ll = Soil organic carbon content (fine earth fraction) at 1.00m,Soil,≈250m,g per kg,https://www.soilgrids.org ; https://www.isric.org/explore/wosis/accessing-wosis-derived-datasets
SG_SOC_Content_200cm,SG_SOC_Content_200cm,ORCDRC_M_sl6_250m_ll = Soil organic carbon content (fine earth fraction) at 2.00m,Soil,≈250m,g per kg,https://www.soilgrids.org ; https://www.isric.org/explore/wosis/accessing-wosis-derived-datasets
SG_SOC_Density_000cm,SG_SOC_Density_000cm,OCDENS_M_sl1_250m_ll = Soil organic carbon density in kg per cubic-m at depth 0.00 m,Soil,≈250m,kg / cubic–meter at depth,https://www.soilgrids.org ; https://www.isric.org/explore/wosis/accessing-wosis-derived-datasets
SG_SOC_Density_005cm,SG_SOC_Density_005cm,OCDENS_M_sl2_250m_ll = Soil organic carbon density in kg per cubic-m at depth 0.05 m,Soil,≈250m,kg / cubic–meter at depth,https://www.soilgrids.org ; https://www.isric.org/explore/wosis/accessing-wosis-derived-datasets
SG_SOC_Density_015cm,SG_SOC_Density_015cm,OCDENS_M_sl3_250m_ll = Soil organic carbon density in kg per cubic-m at depth 0.15 m,Soil,≈250m,kg / cubic–meter at depth,https://www.soilgrids.org ; https://www.isric.org/explore/wosis/accessing-wosis-derived-datasets
SG_SOC_Density_030cm,SG_SOC_Density_030cm,OCDENS_M_sl4_250m_ll = Soil organic carbon density in kg per cubic-m at depth 0.30 m,Soil,≈250m,kg / cubic–meter at depth,https://www.soilgrids.org ; https://www.isric.org/explore/wosis/accessing-wosis-derived-datasets
SG_SOC_Density_060cm,SG_SOC_Density_060cm,OCDENS_M_sl5_250m_ll = Soil organic carbon density in kg per cubic-m at depth 0.60 m,Soil,≈250m,kg / cubic–meter at depth,https://www.soilgrids.org ; https://www.isric.org/explore/wosis/accessing-wosis-derived-datasets
SG_SOC_Density_100cm,SG_SOC_Density_100cm,OCDENS_M_sl6_250m_ll = Soil organic carbon density in kg per cubic-m at depth 1.00 m,Soil,≈250m,kg / cubic–meter at depth,https://www.soilgrids.org ; https://www.isric.org/explore/wosis/accessing-wosis-derived-datasets
SG_SOC_Density_200cm,SG_SOC_Density_200cm,OCDENS_M_sl7_250m_ll = Soil organic carbon density in kg per cubic-m at depth 2.00 m,Soil,≈250m,kg / cubic–meter at depth,https://www.soilgrids.org ; https://www.isric.org/explore/wosis/accessing-wosis-derived-datasets
SG_SOC_Stock_000cm_to_005cm,SG_SOC_Stock_000cm_to_005cm,OCSTHA_M_sd1_250m_ll = Soil Organic Carbon Stock from 0.00m-0.05m,Soil,≈250m,tonnes per ha,https://www.soilgrids.org ; https://www.isric.org/explore/wosis/accessing-wosis-derived-datasets
SG_SOC_Stock_005cm_to_015cm,SG_SOC_Stock_005cm_to_015cm,OCSTHA_M_sd2_250m_ll = Soil Organic Carbon Stock from 0.05m-0.15m,Soil,≈250m,tonnes per ha,https://www.soilgrids.org ; https://www.isric.org/explore/wosis/accessing-wosis-derived-datasets
SG_SOC_Stock_015cm_to_030cm,SG_SOC_Stock_015cm_to_030cm,OCSTHA_M_sd3_250m_ll = Soil Organic Carbon Stock from 0.15m-0.30m,Soil,≈250m,tonnes per ha,https://www.soilgrids.org ; https://www.isric.org/explore/wosis/accessing-wosis-derived-datasets
SG_SOC_Stock_030cm_to_060cm,SG_SOC_Stock_030cm_to_060cm,OCSTHA_M_sd4_250m_ll = Soil Organic Carbon Stock from 0.30m-0.60m,Soil,≈250m,tonnes per ha,https://www.soilgrids.org ; https://www.isric.org/explore/wosis/accessing-wosis-derived-datasets
SG_SOC_Stock_060cm_to_100cm,SG_SOC_Stock_060cm_to_100cm,OCSTHA_M_sd5_250m_ll = Soil Organic Carbon Stock from 0.60m-1.00m,Soil,≈250m,tonnes per ha,https://www.soilgrids.org ; https://www.isric.org/explore/wosis/accessing-wosis-derived-datasets
SG_SOC_Stock_100cm_to_200cm,SG_SOC_Stock_100cm_to_200cm,OCSTHA_M_sd6_250m = Soil Organic Carbon Stock from 1.00m-2.00m,Soil,≈250m,tonnes per ha,https://www.soilgrids.org ; https://www.isric.org/explore/wosis/accessing-wosis-derived-datasets
SG_Soil_H2O_Capacity_pF_20_000cm,SG_Soil_H2O_Capacity_pF_20_000cm,AWCh1_M_sl1_250m_ll = Derived available soil water capacity (volumetric fraction) with FC = pF 2.0 for depth 0 cm,Soil,≈250m,%,https://www.soilgrids.org ; https://www.isric.org/explore/wosis/accessing-wosis-derived-datasets
SG_Soil_H2O_Capacity_pF_20_005cm,SG_Soil_H2O_Capacity_pF_20_005cm,AWCh1_M_sl2_250m_ll = Derived available soil water capacity (volumetric fraction) with FC = pF 2.0 for depth 5 cm,Soil,≈250m,%,https://www.soilgrids.org ; https://www.isric.org/explore/wosis/accessing-wosis-derived-datasets
SG_Soil_H2O_Capacity_pF_20_015cm,SG_Soil_H2O_Capacity_pF_20_015cm,HansenEtAl_TreeCover_Year2000,Soil,≈250m,%,https://www.soilgrids.org ; https://www.isric.org/explore/wosis/accessing-wosis-derived-datasets
SG_Soil_H2O_Capacity_pF_20_030cm,SG_Soil_H2O_Capacity_pF_20_030cm,AWCh1_M_sl4_250m_ll = Derived available soil water capacity (volumetric fraction) with FC = pF 2.0 for depth 30 cm,Soil,≈250m,%,https://www.soilgrids.org ; https://www.isric.org/explore/wosis/accessing-wosis-derived-datasets
SG_Soil_H2O_Capacity_pF_20_060cm,SG_Soil_H2O_Capacity_pF_20_060cm,AWCh1_M_sl5_250m_ll = Derived available soil water capacity (volumetric fraction) with FC = pF 2.0 for depth 60 cm,Soil,≈250m,%,https://www.soilgrids.org ; https://www.isric.org/explore/wosis/accessing-wosis-derived-datasets
SG_Soil_H2O_Capacity_pF_20_100cm,SG_Soil_H2O_Capacity_pF_20_100cm,AWCh1_M_sl6_250m_ll = Derived available soil water capacity (volumetric fraction) with FC = pF 2.0 for depth 100 cm,Soil,≈250m,%,https://www.soilgrids.org ; https://www.isric.org/explore/wosis/accessing-wosis-derived-datasets
SG_Soil_H2O_Capacity_pF_20_200cm,SG_Soil_H2O_Capacity_pF_20_200cm,AWCh1_M_sl7_250m_ll = Derived available soil water capacity (volumetric fraction) with FC = pF 2.0 for depth 200 cm,Soil,≈250m,%,https://www.soilgrids.org ; https://www.isric.org/explore/wosis/accessing-wosis-derived-datasets
SG_Soil_H2O_Capacity_pF_23_000cm,SG_Soil_H2O_Capacity_pF_23_000cm,AWCh2_M_sl1_250m_ll = Derived available soil water capacity (volumetric fraction) with FC = pF 2.3 for depth 0 cm,Soil,≈250m,%,https://www.soilgrids.org ; https://www.isric.org/explore/wosis/accessing-wosis-derived-datasets
SG_Soil_H2O_Capacity_pF_23_005cm,SG_Soil_H2O_Capacity_pF_23_005cm,AWCh2_M_sl2_250m_ll = Derived available soil water capacity (volumetric fraction) with FC = pF 2.3 for depth 5 cm,Soil,≈250m,%,https://www.soilgrids.org ; https://www.isric.org/explore/wosis/accessing-wosis-derived-datasets
SG_Soil_H2O_Capacity_pF_23_015cm,SG_Soil_H2O_Capacity_pF_23_015cm,AWCh2_M_sl3_250m_ll = Derived available soil water capacity (volumetric fraction) with FC = pF 2.3 for depth 15 cm,Soil,≈250m,%,https://www.soilgrids.org ; https://www.isric.org/explore/wosis/accessing-wosis-derived-datasets
SG_Soil_H2O_Capacity_pF_23_030cm,SG_Soil_H2O_Capacity_pF_23_030cm,AWCh2_M_sl4_250m_ll = Derived available soil water capacity (volumetric fraction) with FC = pF 2.3 for depth 30 cm,Soil,≈250m,%,https://www.soilgrids.org ; https://www.isric.org/explore/wosis/accessing-wosis-derived-datasets
SG_Soil_H2O_Capacity_pF_23_060cm,SG_Soil_H2O_Capacity_pF_23_060cm,AWCh2_M_sl5_250m_ll = Derived available soil water capacity (volumetric fraction) with FC = pF 2.3 for depth 60 cm,Soil,≈250m,%,https://www.soilgrids.org ; https://www.isric.org/explore/wosis/accessing-wosis-derived-datasets
SG_Soil_H2O_Capacity_pF_23_100cm,SG_Soil_H2O_Capacity_pF_23_100cm,AWCh2_M_sl6_250m_ll = Derived available soil water capacity (volumetric fraction) with FC = pF 2.3 for depth 100 cm,Soil,≈250m,%,https://www.soilgrids.org ; https://www.isric.org/explore/wosis/accessing-wosis-derived-datasets
SG_Soil_H2O_Capacity_pF_23_200cm,SG_Soil_H2O_Capacity_pF_23_200cm,AWCh2_M_sl7_250m_ll = Derived available soil water capacity (volumetric fraction) with FC = pF 2.3 for depth 200 cm,Soil,≈250m,%,https://www.soilgrids.org ; https://www.isric.org/explore/wosis/accessing-wosis-derived-datasets
SG_Soil_H2O_Capacity_pF_25_000cm,SG_Soil_H2O_Capacity_pF_25_000cm,AWCh3_M_sl1_250m_ll = Derived available soil water capacity (volumetric fraction) with FC = pF 2.5 for depth 0 cm,Soil,≈250m,%,https://www.soilgrids.org ; https://www.isric.org/explore/wosis/accessing-wosis-derived-datasets
SG_Soil_H2O_Capacity_pF_25_005cm,SG_Soil_H2O_Capacity_pF_25_005cm,AWCh3_M_sl2_250m_ll = Derived available soil water capacity (volumetric fraction) with FC = pF 2.5 for depth 5 cm,Soil,≈250m,%,https://www.soilgrids.org ; https://www.isric.org/explore/wosis/accessing-wosis-derived-datasets
SG_Soil_H2O_Capacity_pF_25_015cm,SG_Soil_H2O_Capacity_pF_25_015cm,AWCh3_M_sl3_250m_ll = Derived available soil water capacity (volumetric fraction) with FC = pF 2.5 for depth 15 cm,Soil,≈250m,%,https://www.soilgrids.org ; https://www.isric.org/explore/wosis/accessing-wosis-derived-datasets
SG_Soil_H2O_Capacity_pF_25_030cm,SG_Soil_H2O_Capacity_pF_25_030cm,AWCh3_M_sl4_250m_ll = Derived available soil water capacity (volumetric fraction) with FC = pF 2.5 for depth 30 cm,Soil,≈250m,%,https://www.soilgrids.org ; https://www.isric.org/explore/wosis/accessing-wosis-derived-datasets
SG_Soil_H2O_Capacity_pF_25_060cm,SG_Soil_H2O_Capacity_pF_25_060cm,AWCh3_M_sl5_250m_ll = Derived available soil water capacity (volumetric fraction) with FC = pF 2.5 for depth 60 cm,Soil,≈250m,%,https://www.soilgrids.org ; https://www.isric.org/explore/wosis/accessing-wosis-derived-datasets
SG_Soil_H2O_Capacity_pF_25_100cm,SG_Soil_H2O_Capacity_pF_25_100cm,AWCh3_M_sl6_250m_ll = Derived available soil water capacity (volumetric fraction) with FC = pF 2.5 for depth 100 cm,Soil,≈250m,%,https://www.soilgrids.org ; https://www.isric.org/explore/wosis/accessing-wosis-derived-datasets
SG_Soil_H2O_Capacity_pF_25_200cm,SG_Soil_H2O_Capacity_pF_25_200cm,AWCh3_M_sl7_250m_ll = Derived available soil water capacity (volumetric fraction) with FC = pF 2.5 for depth 200 cm,Soil,≈250m,%,https://www.soilgrids.org ; https://www.isric.org/explore/wosis/accessing-wosis-derived-datasets
SG_Soil_pH_H2O_000cm,SG_Soil_pH_H2O_000cm,PHIHOX_M_sl1_250m_ll = Soil pH x 10 in H2O at 0.00m,Soil,≈250m,pH x 10,https://www.soilgrids.org ; https://www.isric.org/explore/wosis/accessing-wosis-derived-datasets
SG_Soil_pH_H2O_005cm,SG_Soil_pH_H2O_005cm,PHIHOX_M_sl2_250m_ll = Soil pH x 10 in H2O at 0.05m,Soil,≈250m,pH x 10,https://www.soilgrids.org ; https://www.isric.org/explore/wosis/accessing-wosis-derived-datasets
SG_Soil_pH_H2O_015cm,SG_Soil_pH_H2O_015cm,PHIHOX_M_sl3_250m_ll = Soil pH x 10 in H2O at 0.15m,Soil,≈250m,pH x 10,https://www.soilgrids.org ; https://www.isric.org/explore/wosis/accessing-wosis-derived-datasets
SG_Soil_pH_H2O_030cm,SG_Soil_pH_H2O_030cm,PHIHOX_M_sl4_250m_ll = Soil pH x 10 in H2O at 0.30m,Soil,≈250m,pH x 10,https://www.soilgrids.org ; https://www.isric.org/explore/wosis/accessing-wosis-derived-datasets
SG_Soil_pH_H2O_060cm,SG_Soil_pH_H2O_060cm,PHIHOX_M_sl5_250m_ll = Soil pH x 10 in H2O at 0.60m,Soil,≈250m,pH x 10,https://www.soilgrids.org ; https://www.isric.org/explore/wosis/accessing-wosis-derived-datasets
SG_Soil_pH_H2O_100cm,SG_Soil_pH_H2O_100cm,PHIHOX_M_sl6_250m_ll = Soil pH x 10 in H2O at 1.00m,Soil,≈250m,pH x 10,https://www.soilgrids.org ; https://www.isric.org/explore/wosis/accessing-wosis-derived-datasets
SG_Soil_pH_H2O_200cm,SG_Soil_pH_H2O_200cm,PHIHOX_M_sl7_250m_ll = Soil pH x 10 in H2O at 2.00m,Soil,≈250m,pH x 10,https://www.soilgrids.org ; https://www.isric.org/explore/wosis/accessing-wosis-derived-datasets
SG_Soil_pH_KCl_000cm,SG_Soil_pH_KCl_000cm,PHIKCL_M_sl1_250m_ll = Soil pH x 10 in KCL at 0.00m,Soil,≈250m,pH x 10,https://www.soilgrids.org ; https://www.isric.org/explore/wosis/accessing-wosis-derived-datasets
SG_Soil_pH_KCl_005cm,SG_Soil_pH_KCl_005cm,PHIKCL_M_sl2_250m_ll = Soil pH x 10 in KCL at 0.05m,Soil,≈250m,pH x 10,https://www.soilgrids.org ; https://www.isric.org/explore/wosis/accessing-wosis-derived-datasets
SG_Soil_pH_KCl_015cm,SG_Soil_pH_KCl_015cm,PHIKCL_M_sl3_250m_ll = Soil pH x 10 in KCL at 0.15m,Soil,≈250m,pH x 10,https://www.soilgrids.org ; https://www.isric.org/explore/wosis/accessing-wosis-derived-datasets
SG_Soil_pH_KCl_030cm,SG_Soil_pH_KCl_030cm,PHIKCL_M_sl4_250m_ll = Soil pH x 10 in KCL at 0.30m,Soil,≈250m,pH x 10,https://www.soilgrids.org ; https://www.isric.org/explore/wosis/accessing-wosis-derived-datasets
SG_Soil_pH_KCl_060cm,SG_Soil_pH_KCl_060cm,PHIKCL_M_sl5_250m_ll = Soil pH x 10 in KCL at 0.60m,Soil,≈250m,pH x 10,https://www.soilgrids.org ; https://www.isric.org/explore/wosis/accessing-wosis-derived-datasets
SG_Soil_pH_KCl_100cm,SG_Soil_pH_KCl_100cm,PHIKCL_M_sl6_250m_ll = Soil pH x 10 in KCL at 1.00m,Soil,≈250m,pH x 10,https://www.soilgrids.org ; https://www.isric.org/explore/wosis/accessing-wosis-derived-datasets
SG_Soil_pH_KCl_200cm,SG_Soil_pH_KCl_200cm,PHIKCL_M_sl7_250m_ll = Soil pH x 10 in KCL at 2.00m,Soil,≈250m,pH x 10,https://www.soilgrids.org ; https://www.isric.org/explore/wosis/accessing-wosis-derived-datasets
WCS_Human_Footprint_2009,Human_Footprint_2009,Human Footprint 2009,Process,≈1km,Human Footprint Index Value,http://wcshumanfootprint.org/
WorldClim2_BIO_Annual_Mean_Temperature,WorldClim2_Annual_Mean_Temperature,WC01 / BIO01 = Annual Mean Temperature,Climatic,30 arcsec (≈900m at equator),ºC,WorldClim2
WorldClim2_BIO_Annual_Precipitation,WorldClim2_Annual_Precipitation,WC12 / BIO12 = Annual Precipitation,Climatic,30 arcsec (≈900m at equator),mm,WorldClim2
WorldClim2_H2OVaporPressure_AnnualMean,WorldClim2_H2OVaporPressure_AnnualMean,Annual mean of the water vapor pressure as calculated using individual month layers for H2O vapor pressure,Climatic,30 arcsec (≈900m at equator),kPa,http://worldclim.org/version2
WorldClim2_H2OVaporPressure_MonthXX,WorldClim2_H2OVaporPressure_MonthXX,"Water vapor pressure for month XX where XX is a two digit representation of each month (01 for January, 02 for February, etc.)",Climatic,30 arcsec (≈900m at equator),kPa,http://worldclim.org/version2
WorldClim2_BIO_Isothermality,WorldClim2_Isothermality,WC03 / BIO03 = Isothermality (BIO2/BIO7) (* 100),Climatic,30 arcsec (≈900m at equator),Unitless,WorldClim2
WorldClim2_BIO_Max_Temperature_of_Warmest_Month,WorldClim2_Max_Temperature_of_Warmest_Month,WC05 / BIO05 = Max Temperature of Warmest Month,Climatic,30 arcsec (≈900m at equator),ºC,WorldClim2
WorldClim2_BIO_Mean_Diurnal_Range,WorldClim2_Mean_Diurnal_Range,WC02 / BIO02 = Mean Diurnal Range (Mean of monthly (max temp - min temp)),Climatic,30 arcsec (≈900m at equator),ºC,WorldClim2
WorldClim2_BIO_Mean_Temperature_of_Coldest_Quarter,WorldClim2_Mean_Temperature_of_Coldest_Quarter,WC11 / BIO11 = Mean Temperature of Coldest Quarter,Climatic,30 arcsec (≈900m at equator),mm,WorldClim2
WorldClim2_BIO_Mean_Temperature_of_Driest_Quarter,WorldClim2_Mean_Temperature_of_Driest_Quarter,WC09 / BIO09 = Mean Temperature of Driest Quarter,Climatic,30 arcsec (≈900m at equator),ºC,WorldClim2
WorldClim2_BIO_Mean_Temperature_of_Warmest_Quarter,WorldClim2_Mean_Temperature_of_Warmest_Quarter,WC10 / BIO10 = Mean Temperature of Warmest Quarter,Climatic,30 arcsec (≈900m at equator),ºC,WorldClim2
WorldClim2_BIO_Mean_Temperature_of_Wettest_Quarter,WorldClim2_Mean_Temperature_of_Wettest_Quarter,WC08 / BIO08 = Mean Temperature of Wettest Quarter,Climatic,30 arcsec (≈900m at equator),ºC,WorldClim2
WorldClim2_BIO_Min_Temperature_of_Coldest_Month,WorldClim2_Min_Temperature_of_Coldest_Month,WC06 / BIO06 = Min Temperature of Coldest Month,Climatic,30 arcsec (≈900m at equator),ºC,WorldClim2
WorldClim2_BIO_Precipitation_of_Coldest_Quarter,WorldClim2_Precipitation_of_Coldest_Quarter,WC19 / BIO19 = Precipitation of Coldest Quarter,Climatic,30 arcsec (≈900m at equator),mm,WorldClim2
WorldClim2_BIO_Precipitation_of_Driest_Month,WorldClim2_Precipitation_of_Driest_Month,WC14 / BIO14 = Precipitation of Driest Month,Climatic,30 arcsec (≈900m at equator),mm,WorldClim2
WorldClim2_BIO_Precipitation_of_Driest_Quarter,WorldClim2_Precipitation_of_Driest_Quarter,WC17 / BIO17 = Precipitation of Driest Quarter,Climatic,30 arcsec (≈900m at equator),mm,WorldClim2
WorldClim2_BIO_Precipitation_of_Warmest_Quarter,WorldClim2_Precipitation_of_Warmest_Quarter,WC18 / BIO18 = Precipitation of Warmest Quarter,Climatic,30 arcsec (≈900m at equator),mm,WorldClim2
WorldClim2_BIO_Precipitation_of_Wettest_Month,WorldClim2_Precipitation_of_Wettest_Month,WC13 / BIO13 = Precipitation of Wettest Month,Climatic,30 arcsec (≈900m at equator),mm,WorldClim2
WorldClim2_BIO_Precipitation_of_Wettest_Quarter,WorldClim2_Precipitation_of_Wettest_Quarter,WC16 / BIO16 = Precipitation of Wettest Quarter,Climatic,30 arcsec (≈900m at equator),mm,WorldClim2
WorldClim2_BIO_Precipitation_Seasonality,WorldClim2_Precipitation_Seasonality,WC15 / BIO15 = Precipitation Seasonality (Coefficient of Variation),Climatic,30 arcsec (≈900m at equator),mm,WorldClim2
WorldClim2_SolarRadiation_AnnualMean,WorldClim2_SolarRadiation_AnnualMean,Annual mean of the solar radiation as calculated using individual month layers for solar radiation,Climatic,30 arcsec (≈900m at equator),kJ/(m^2•day),http://worldclim.org/version2
WorldClim2_SolarRadiation_MonthXX,WorldClim2_SolarRadiation_MonthXX,"Solar radiation for month XX where XX is a two digit representation of each month (01 for January, 02 for February, etc.)",Climatic,30 arcsec (≈900m at equator),kJ/(m^2•day),http://worldclim.org/version2
WorldClim2_BIO_Temperature_Annual_Range,WorldClim2_Temperature_Annual_Range,WC07 / BIO07 = Temperature Annual Range (BIO5-BIO6),Climatic,30 arcsec (≈900m at equator),ºC,WorldClim2
WorldClim2_BIO_Temperature_Seasonality,WorldClim2_Temperature_Seasonality,WC04 / BIO04 = Temperature Seasonality (standard deviation *100),Climatic,30 arcsec (≈900m at equator),ºC,WorldClim2
WorldClim2_WindSpeed_AnnualMean,WorldClim2_WindSpeed_AnnualMean,Annual mean of the wind speed as calculated using individual month layers for wind speed,Climatic,30 arcsec (≈900m at equator),m/s,http://worldclim.org/version2
WorldClim2_WindSpeed_MonthXX,WorldClim2_WindSpeed_MonthXX,"Wind speed for month XX where XX is a two digit representation of each month (01 for January, 02 for February, etc.)",Climatic,30 arcsec (≈900m at equator),m/s,http://worldclim.org/version2
SpawnEtAl_HarmonizedAGBiomass,,Global aboveground biomass carbon density for the year 2010,Vegetative,≈300m,Mg C / ha,https://daac.ornl.gov/cgi-bin/dsviewer.pl?ds_id=1763; https://www.nature.com/articles/s41597-020-0444-4?draft=collection
SpawnEtAl_HarmonizedBGBiomass,,Global belowground biomass carbon density for the year 2010,Vegetative,≈300m,Mg C / ha,https://daac.ornl.gov/cgi-bin/dsviewer.pl?ds_id=1763; https://www.nature.com/articles/s41597-020-0444-4?draft=collection
WWF_Biome,,WWF Biomes,Vegetative,≈30m,Biome codes,https://www.worldwildlife.org/publications/terrestrial-ecoregions-of-the-world; https://academic.oup.com/bioscience/article/51/11/933/227116
WWF_Ecoregion,,WWF Ecoregions,Vegetative,≈30m,Ecoregion codes,https://www.worldwildlife.org/publications/terrestrial-ecoregions-of-the-world; https://academic.oup.com/bioscience/article/51/11/933/227116
Resolve_Biome,,Resolve Biomes,Vegetative,≈30m,Biome codes,https://developers.google.com/earth-engine/datasets/catalog/RESOLVE_ECOREGIONS_2017
Resolve_Ecoregion,,Resolve Ecoregions,Vegetative,≈30m,Ecoregion codes,https://developers.google.com/earth-engine/datasets/catalog/RESOLVE_ECOREGIONS_2017
EsaCci_SnowProbability,,"Annual mean probability of snow as calculated using the frequency at which snow has been detected along the year, based on observations over the 2000-2012 period",Process,≈500m,Proportion of snow occurrence (0-100%),https://maps.elie.ucl.ac.be/CCI/viewer/download.php
EsaCci_BurntAreasProbability,,"Probability of Burnt Areas occurrence, detailed on a monthly frequency, based on observations over the 2001-2019 period",Process,≈500m,Proportion of burned areas occurrence (0-100%),https://maps.elie.ucl.ac.be/CCI/viewer/download.php
GHS_Population_Density,,"Global Human Settlement Population Density (GHS-POP), provided by CIESIN GPWv4.10, disaggregated from census or administrative units to grid cells, informed by the distribution and density of built-up",Anthropogenic,≈250m,Number of people per cell,https://ghsl.jrc.ec.europa.eu/ghs_pop2019.php
Yasso15_MeanAnnualDecompCoeff_Humus,,Decomposition coefficients for humus based on the Yasso15 model.,Soil,30 arcsec (≈900m at equator),Unitless,https://en.ilmatieteenlaitos.fi/yasso-description
Yasso15_MeanAnnualDecompCoeff_Lignin,,Decomposition coefficients for lignin based on the Yasso15 model.,Soil,30 arcsec (≈900m at equator),Unitless,https://en.ilmatieteenlaitos.fi/yasso-description
Yasso15_MeanAnnualDecompCoeff_SugarsCelluloseWaxes,,"Decomposition coefficients for sugars, cellulose and wax-like compounds based on the Yasso15 model.",Soil,30 arcsec (≈900m at equator),Unitless,https://en.ilmatieteenlaitos.fi/yasso-description
CMS_HeterotrophicRespiration_usingEquationFromBondLamberty2004,,Annual Heterotrophic Respiration determined using the equation from Bond-Lamberty 2004,Soil,30 arcsec (≈900m at equator),g C / m^2 * y,https://daac.ornl.gov/CMS/guides/CMS_Global_Soil_Respiration.html
CMS_HeterotrophicRespiration_usingEquationFromSubke2006,,Annual Heterotrophic Respiration determined using the equation from Subke 2006,Soil,30 arcsec (≈900m at equator),g C / m^2 * y,https://daac.ornl.gov/CMS/guides/CMS_Global_Soil_Respiration.html
CMS_SoilRespiration_mean,,Annual Soil Respiration,Soil,30 arcsec (≈900m at equator),g C / m^2 * y,https://daac.ornl.gov/CMS/guides/CMS_Global_Soil_Respiration.html
MODIS_LST_DayNightDiff_MonthXX,,"MODIS monthly Land Surface Temperature Differences between Day and Night; month XX where XX is a two digit representation of each month (01 for January, 02 for February, etc.)",Climatic,30 arcsec (≈900m at equator),K,https://developers.google.com/earth-engine/datasets/catalog/OpenLandMap_CLM_CLM_LST_MOD11A2-DAYNIGHT_M_v01
MODIS_LST_DaytimeMedian_MonthXX,,"MODIS monthly median of the daytime Land Surface Temperature; month XX where XX is a two digit representation of each month (01 for January, 02 for February, etc.)",Climatic,30 arcsec (≈900m at equator),ºC,https://developers.google.com/earth-engine/datasets/catalog/OpenLandMap_CLM_CLM_LST_MOD11A2-DAY_M_v01
MODIS_LST_DaytimeStdDev_MonthXX,,"MODIS monthly standard deviation of the daytime Land Surface Temperature; month XX where XX is a two digit representation of each month (01 for January, 02 for February, etc.)",Climatic,30 arcsec (≈900m at equator),K,https://developers.google.com/earth-engine/datasets/catalog/OpenLandMap_CLM_CLM_LST_MOD11A2-DAY_SD_v01
OLM_Precipitation_MonthXX,,"Open Land Map monthly Precipitation based on SM2RAIN-ASCAT 2007-2018, IMERG, CHELSA Climate, and WorldClim; month XX where XX is a two digit representation of each month (01 for January, 02 for February, etc.)",Climatic,30 arcsec (≈900m at equator),mm,https://developers.google.com/earth-engine/datasets/catalog/OpenLandMap_CLM_CLM_PRECIPITATION_SM2RAIN_M_v01
UNEP_WCMC_Biomass,,UNEP World Conservation Monitoring Centre: Sum of above and belowground biomass carbon density,Vegetation,300m,tonnes/ha,https://developers.google.com/earth-engine/datasets/catalog/WCMC_biomass_carbon_density_v1_0
NASA_ForestCanopyHeight,,Global Forest Canopy Height from the year 2005 based on spaceborne-lidar data and ancillary geospatial data,Vegetation,30 arcsec (≈900m at equator),m,https://developers.google.com/earth-engine/datasets/catalog/NASA_JPL_global_forest_canopy_height_2005
GFAD_ForestFraction_XXX_YYYyrs_downsampled50km,,"Global Forest Age Dataset, forest fraction covered by each age class; where XXX and YYY are three digit representations of each age class (010 for 10 years, 120 for 120 years, etc.)",Vegetation,0.5 degree (≈50km),Unitless,https://doi.pangaea.de/10.1594/PANGAEA.897392
GFAD_FractionOfRegrowthForest_downsampled50km,,"Global Forest Age Dataset, fraction of forest classified as regrowth forest (<140 years)",Vegetation,0.5 degree (≈50km),Unitless,https://doi.pangaea.de/10.1594/PANGAEA.897392
GFAD_regrowthForestAge_Mean_downsampled50km,,"Global Forest Age Dataset, mean age of the regrowth forest (<140 years)",Vegetation,0.5 degree (≈50km),Unitless,https://doi.pangaea.de/10.1594/PANGAEA.897392
GFAD_regrowthForestAge_SD_downsampled50km,,"Global Forest Age Dataset, standard deviation of the age of the regrowth forest (<140 years)",Vegetation,0.5 degree (≈50km),Unitless,https://doi.pangaea.de/10.1594/PANGAEA.897392